Gen,Case,Fitness,NPV,ABS Diff,Parents
0,0,0,0,0,standard
0,1,0,0,0,standard
0,2,0,0,0,standard
0,3,0,0,0,standard
0,4,0,0,0,standard
0,5,0,0,0,standard
0,6,0,0,0,standard
0,7,0,0,0,standard
1,0,1445.3797718376334,469463.11268207146,0,none
1,1,999999999.99,0,0,none
1,2,999999999.99,0,0,none
1,3,15608.004421278125,1550690.3073643213,0,none
1,4,999999999.99,0,0,none
1,5,15608.015790718198,1327483.9430379448,0,none
1,6,1367.075707905993,439594.3111397451,0,none
1,7,999999999.99,0,0,none
1,8,338.74953554453083,423236.1360091473,0,none
1,9,15608.336009453744,1322554.7066725693,0,none
1,10,453.4844349003089,437106.36528496403,0,none
1,11,90.51228601019302,404891.2135207203,0,none
1,12,1411.4235641584237,498101.6079874013,0,none
1,13,15608.010871166953,1426589.5599599853,0,none
1,14,999999999.99,0,0,none
1,15,202.8506014110973,418713.90269547503,0,none
1,16,15608.000398220496,1550434.0479336865,0,none
1,17,415.0887307388822,434241.09296469716,0,none
1,18,266.8869377112539,375482.88122580934,0,none
1,19,15608.001153679916,1472047.1096969796,0,none
1,20,999999999.99,0,0,none
1,21,382.53842227865726,375194.4096742017,0,none
1,22,239.62751584875903,419933.38666322967,0,none
1,23,1130.4596021919963,461891.2738764482,0,none
1,24,999999999.99,0,0,none
1,25,15608.149963778926,1244703.9285261047,0,none
1,26,1431.241118445116,498745.7203794958,0,none
1,27,999999999.99,0,0,none
1,28,100.92249486566335,409331.6983637004,0,none
1,29,15608.102183273131,1372836.3892990493,0,none
1,30,990.026977173736,455712.1491270754,0,none
1,31,15608.013749568207,1453523.0260446651,0,none
1,32,276.3159246696352,419670.13300701306,0,none
1,33,730.6202739357905,317480.8049724876,0,none
1,34,999999999.99,0,0,none
1,35,224.07688109446744,415976.4213181949,0,none
1,36,572.3016689656307,408188.0303289227,0,none
1,37,999999999.99,0,0,none
1,38,999999999.99,0,0,none
1,39,407.74918660449543,433916.1651421176,0,none
1,40,917.8599110116113,472333.33959365793,0,none
1,41,541.9951318243913,349886.21229905804,0,none
1,42,15608.012607875535,1546982.2141530113,0,none
1,43,1737.9077559834054,480425.01405714854,0,none
1,44,999999999.99,0,0,none
1,45,999999999.99,0,0,none
1,46,519.9083222596211,417526.9866427742,0,none
1,47,681.3258833558507,450363.00682052266,0,none
1,48,1041.4748820537377,457854.7899532798,0,none
1,49,15608.095411097845,1431030.5443575943,0,none
1,50,17.51235771399225,400253.3108581037,0,none
1,51,1353.6199538862327,493156.1209969868,0,none
1,52,1032.370531246724,479370.1174935092,0,none
1,53,15608.000710767721,1395707.5717594095,0,none
1,54,670.1218761349588,333185.0319915121,0,none
1,55,15608.014493631026,1530522.946313383,0,none
1,56,15608.000546002664,1601021.2768862487,0,none
1,57,999999999.99,0,0,none
1,58,271.58119177608273,425239.65419851587,0,none
1,59,15608.000546002664,1550097.217279541,0,none
1,60,1033.191497741239,484173.01797293365,0,none
1,61,706.2614507610159,395911.17064321175,0,none
1,62,15607.975004349415,1310771.9701087177,0,none
1,63,999999999.99,0,0,none
1,64,15608.11980912765,1304134.8461729488,0,none
1,65,329.4872299989439,422271.082253809,0,none
1,66,101.26672111504055,382189.5344585995,0,none
1,67,999999999.99,0,0,none
1,68,999999999.99,0,0,none
1,69,999999999.99,0,0,none
1,70,323.48729938586524,427512.8055837704,0,none
1,71,352.54462199992327,431063.1108329806,0,none
1,72,507.2016566000071,437889.01631359017,0,none
1,73,15608.030982995237,1448722.1866552045,0,none
1,74,999999999.99,0,0,none
1,75,309.4934586625503,400028.22267636494,0,none
1,76,15600.37823250603,1292293.3935793913,0,none
1,77,15608.0124388081,1490287.948552943,0,none
1,78,384.5224783270337,367158.80692477955,0,none
1,79,79.97139670019868,396952.2743512434,0,none
1,80,266.9864150631617,418275.00067948474,0,none
1,81,547.4208945855206,438656.7047407322,0,none
1,82,1658.5696238939736,431865.1751842063,0,none
1,83,999999999.99,0,0,none
1,84,15608.003981270213,1497590.3546313944,0,none
1,85,1211.9172135612716,475107.73909110174,0,none
1,86,999999999.99,0,0,none
1,87,15608.000830487039,1507669.883929704,0,none
1,88,999999999.99,0,0,none
1,89,653.3076420351617,447576.2396534724,0,none
1,90,1563.0440492801506,473310.8248653983,0,none
1,91,1255.0476599521705,499631.60886620265,0,none
1,92,215.53656240075023,416549.01762276783,0,none
1,93,999999999.99,0,0,none
1,94,458.6496778938782,393533.42897105194,0,none
1,95,1769.6381932605223,522046.3051603194,0,none
1,96,999999999.99,0,0,none
1,97,312.628058890255,365038.5112173598,0,none
1,98,999999999.99,0,0,none
1,99,999999999.99,0,0,none
1,100,15608.003404730674,1522784.6692426056,0,none
1,101,197.87077208226455,409886.2904181257,0,none
1,102,1506.4325591637503,491232.32280078554,0,none
1,103,1505.571159320476,405848.624068456,0,none
1,104,1366.3279047484798,485902.22940731165,0,none
1,105,999999999.99,0,0,none
1,106,999999999.99,0,0,none
1,107,32.68994002071593,398239.81738279376,0,none
1,108,15608.0113805157,1508855.93270781,0,none
1,109,15608.00430343526,1374777.181870788,0,none
1,110,15608.017458142822,1387673.3367526343,0,none
1,111,1169.6119793831965,476147.4584923038,0,none
1,112,1437.2727536613957,516557.2988524499,0,none
1,113,599.5506017621997,445158.9451863035,0,none
1,114,15608.014781486567,1418082.7761569037,0,none
1,115,999999999.99,0,0,none
1,116,15608.008697132927,1547821.9565498177,0,none
1,117,1559.2650911227906,483539.77499440516,0,none
1,118,1521.7555588608748,523946.17219258595,0,none
1,119,999999999.99,0,0,none
1,120,590.8057979492544,430164.57070882054,0,none
1,121,1433.3126540991304,430694.967469899,0,none
1,122,893.396254098428,444306.95119026536,0,none
1,123,1557.1820593719751,405036.24244319065,0,none
1,124,999999999.99,0,0,none
1,125,1209.880445619399,499196.3809523738,0,none
1,126,1227.487523767604,481236.5480974451,0,none
1,127,1646.7841873137977,480509.3695651851,0,none
1,128,999999999.99,0,0,none
1,129,1701.8894348803822,521942.5402016662,0,none
1,130,999999999.99,0,0,none
1,131,999999999.99,0,0,none
1,132,594.7442102458455,343906.5666874496,0,none
1,133,1430.641112375543,503902.90198242967,0,none
1,134,15608.000250641164,1499061.3999416204,0,none
1,135,37.46354456085068,404917.5250765982,0,none
1,136,999999999.99,0,0,none
1,137,999999999.99,0,0,none
1,138,1751.1345304059125,488623.32217309816,0,none
1,139,999999999.99,0,0,none
1,140,15608.007303857365,1410579.367796156,0,none
1,141,15608.000546002664,1588918.5742814678,0,none
1,142,999999999.99,0,0,none
1,143,999999999.99,0,0,none
1,144,15608.440638557075,1282335.5152329328,0,none
1,145,462.8203933402688,432020.8099734835,0,none
1,146,1665.9544811232026,503289.6442895829,0,none
1,147,350.748824851411,428901.29759236507,0,none
1,148,999999999.99,0,0,none
1,149,15608.001108403801,1420705.276034556,0,none
1,150,271.59156367996997,423799.7319512933,0,none
1,151,999999999.99,0,0,none
1,152,15608.00374321337,1431999.4960362255,0,none
1,153,544.8961643890909,421499.3503501981,0,none
1,154,899.4457564303559,418555.20441238646,0,none
1,155,15608.000683976483,1466523.8059312808,0,none
1,156,1395.9284984384242,433255.7143473009,0,none
1,157,1259.8443403443434,483677.6311722944,0,none
1,158,1453.7008570218854,501611.15663975815,0,none
1,159,379.3831705235577,427592.0440779941,0,none
1,160,107.56533837813191,407984.2927695754,0,none
1,161,15608.004917643933,1589676.6427933925,0,none
1,162,466.9664691077046,432576.23272340256,0,none
1,163,173.91320451402447,413114.06670396734,0,none
1,164,15608.245848296636,1258888.343991387,0,none
1,165,15608.000971640664,1465984.751079971,0,none
1,166,1006.956944133189,459052.46273808694,0,none
1,167,680.6934084820299,436417.78803700476,0,none
1,168,482.69879816668634,444212.6130318126,0,none
1,169,999999999.99,0,0,none
1,170,15608.029866713014,1322785.790001524,0,none
1,171,15608.001869576117,1517415.3503494833,0,none
1,172,999999999.99,0,0,none
1,173,999999999.99,0,0,none
1,174,339.49548071631386,429380.98433440295,0,none
1,175,999999999.99,0,0,none
1,176,999999999.99,0,0,none
1,177,514.1504919118286,439119.2278875318,0,none
1,178,1411.496306867638,494888.10561734356,0,none
1,179,15608.000301725444,1572417.311082001,0,none
1,180,999999999.99,0,0,none
1,181,15608.155598503614,1350516.882968339,0,none
1,182,15608.017648369792,1430180.158417628,0,none
1,183,999999999.99,0,0,none
1,184,519.6549146118482,440286.2996073113,0,none
1,185,606.0044774786641,443666.7683629542,0,none
1,186,872.3604399939481,446689.5926441223,0,none
1,187,15608.001840060682,1587736.5275422381,0,none
1,188,15608.023308932427,1421254.450715739,0,none
1,189,999999999.99,0,0,none
1,190,999999999.99,0,0,none
1,191,708.5618341672148,335935.5113931024,0,none
1,192,15608.008490814052,1401336.5993988323,0,none
1,193,999999999.99,0,0,none
1,194,999999999.99,0,0,none
1,195,725.5803050001313,403608.47985321656,0,none
1,196,1638.1490447345,450983.8759695815,0,none
1,197,15608.008682379104,1403874.7365916285,0,none
1,198,1170.999775198462,473387.82918299356,0,none
1,199,468.59170165383387,433782.7793886055,0,none
2,0,999999999.99,0,0,gen1case89 gen1case49
2,1,1691.8516867562128,520257.3652959416,0,gen1case89 gen1case49
2,2,29.596798389423455,402117.5368258978,0,gen1case92 gen1case107
2,3,209.6252836538488,415746.3342907734,0,gen1case92 gen1case107
2,4,1247.9011184306107,477127.59293247055,0,gen1case43 gen1case107
2,5,562.6055096017786,444358.82435797015,0,gen1case43 gen1case107
2,6,379.0638246454577,429859.6434489851,0,gen1case147 gen1case50
2,7,42.039202185730026,402695.46466888767,0,gen1case147 gen1case50
2,8,1437.1380811046097,474816.95805192366,0,gen1case104 gen1case107
2,9,918.4569799899341,316655.8301141258,0,gen1case104 gen1case107
2,10,107.56533837813191,407984.2927695754,0,gen1case163 gen1case160
2,11,173.91320451402447,413114.06670396734,0,gen1case163 gen1case160
2,12,37.46354456085068,404917.5250765982,0,gen1case50 gen1case135
2,13,17.51235771399225,400253.3108581037,0,gen1case50 gen1case135
2,14,1000.8750276675173,459216.3494192084,0,gen1case133 gen1case11
2,15,429.32834612468343,442057.16098893783,0,gen1case133 gen1case11
2,16,1270.203235464444,487056.4201391916,0,gen1case122 gen1case163
2,17,381.645441623846,366401.02355184767,0,gen1case122 gen1case163
2,18,15.626511502235067,402322.61549836316,0,gen1case28 gen1case50
2,19,84.62090240087514,407557.2637029122,0,gen1case28 gen1case50
2,20,15.626511502235067,402322.61549836316,0,gen1case28 gen1case50
2,21,84.62090240087514,407557.2637029122,0,gen1case28 gen1case50
2,22,439.26176996030404,430204.2792292062,0,gen1case199 gen1case135
2,23,318.84755611123177,370483.0707243639,0,gen1case199 gen1case135
2,24,1139.8801764301884,472755.42414785083,0,gen1case111 gen1case135
2,25,167.56302895581845,407708.05304699234,0,gen1case111 gen1case135
2,26,20.790302945785584,401787.2574258555,0,gen1case92 gen1case50
2,27,196.64419913087985,415782.09638008603,0,gen1case92 gen1case50
2,28,52.24648991170842,398245.65362108423,0,gen1case28 gen1case94
2,29,511.0662709298935,416357.7257043182,0,gen1case28 gen1case94
2,30,999999999.99,0,0,gen1case174 gen0case3
2,31,1625.6632021131795,468346.2263388302,0,gen1case174 gen0case3
2,32,46.63261114621883,406508.2068289483,0,gen1case50 gen1case135
2,33,37.353598050717686,399005.1650461529,0,gen1case50 gen1case135
2,34,157.66467358765777,411333.0134835291,0,gen1case66 gen1case178
2,35,989.8345389543234,405559.9510893914,0,gen1case66 gen1case178
2,36,80.93726230950946,393582.6672542026,0,gen1case8 gen1case30
2,37,1497.159575085388,452457.42623247084,0,gen1case8 gen1case30
2,38,63.22193908452348,398262.3596724081,0,gen1case50 gen1case79
2,39,95.544345989791,409242.8722118077,0,gen1case50 gen1case79
3,0,17.51235771399225,400253.3108581037,0,gen2case7 gen2case13
3,1,42.039202185730026,402695.46466888767,0,gen2case7 gen2case13
3,2,144.08026083675264,410388.52563651674,0,gen2case33 gen2case10
3,3,19.73752716691987,400113.71642040915,0,gen2case33 gen2case10
3,4,316.7233931169552,422007.0567298094,0,gen2case2 gen2case18
3,5,57.18470867842244,398140.3418748312,0,gen2case2 gen2case18
3,6,309.4934586625503,400028.22267636494,0,gen1case75 gen2case20
3,7,15.626511502235067,402322.61549836316,0,gen1case75 gen2case20
3,8,1201.700413546232,469826.3563853559,0,gen2case24 gen2case13
3,9,46.63261114621883,406508.2068289483,0,gen2case24 gen2case13
3,10,111.31988768176156,408047.697901925,0,gen2case13 gen1case160
3,11,37.353598050717686,399005.1650461529,0,gen2case13 gen1case160
3,12,15.626511502235067,402322.61549836316,0,gen2case20 gen1case50
3,13,17.51235771399225,400253.3108581037,0,gen2case20 gen1case50
3,14,15.626511502235067,402322.61549836316,0,gen2case13 gen2case20
3,15,17.51235771399225,400253.3108581037,0,gen2case13 gen2case20
3,16,48.34100100801965,402026.2556208029,0,gen2case26 gen2case7
3,17,17.51235771399225,400253.3108581037,0,gen2case26 gen2case7
3,18,34.08919680259845,400587.4994389878,0,gen2case12 gen2case28
3,19,80.49079866625979,408636.8708377021,0,gen2case12 gen2case28
3,20,842.0234236632684,318314.61637938366,0,gen2case28 gen1case66
3,21,163.96506674822177,405538.42558728537,0,gen2case28 gen1case66
3,22,98.92300614494073,408452.0524625205,0,gen2case26 gen1case95
3,23,1661.686667564612,483283.9545000532,0,gen2case26 gen1case95
3,24,86.00623927680698,407839.78473540326,0,gen2case19 gen2case11
3,25,62.18404988639532,405893.4958250395,0,gen2case19 gen2case11
3,26,68.44043721868012,396112.19577692944,0,gen2case32 gen2case28
3,27,137.81057534266432,412679.7560173342,0,gen2case32 gen2case28
3,28,52.5294489441288,405010.71151241416,0,gen1case28 gen2case18
3,29,100.92249486566335,409331.6983637004,0,gen1case28 gen2case18
3,30,64.03511574149206,407364.20543813205,0,gen1case50 gen1case135
3,31,37.353598050717686,399005.1650461529,0,gen1case50 gen1case135
3,32,555.1522006695035,351620.32220469206,0,gen1case50 gen1case46
3,33,592.875584435833,433674.7250674422,0,gen1case50 gen1case46
3,34,371.5748727397198,429473.1598819252,0,gen2case18 gen1case177
3,35,188.73905595592544,413735.2637307271,0,gen2case18 gen1case177
3,36,37.353598050717686,399005.1650461529,0,gen2case33 gen2case13
3,37,17.51235771399225,400253.3108581037,0,gen2case33 gen2case13
3,38,636.695058631992,394179.19382090564,0,gen1case195 gen2case20
3,39,193.48647336341924,416365.6484711487,0,gen1case195 gen2case20
4,0,35.416389625322644,402871.5633103776,0,gen3case37 gen2case7
4,1,47.54228572781214,399647.69817482424,0,gen3case37 gen2case7
4,2,89.28572123267239,408854.77499718557,0,gen2case20 gen3case30
4,3,47.763529300923366,399571.1644086911,0,gen2case20 gen3case30
4,4,247.6893579536255,418762.5909539537,0,gen2case36 gen3case25
4,5,759.0952981537068,328895.73179311934,0,gen2case36 gen3case25
4,6,335.2826893883052,422278.2545231267,0,gen2case6 gen3case11
4,7,37.353598050717686,399005.1650461529,0,gen2case6 gen3case11
4,8,15.626511502235067,402322.61549836316,0,gen3case7 gen2case18
4,9,15.626511502235067,402322.61549836316,0,gen3case7 gen2case18
4,10,39.33362967812045,398384.3497966007,0,gen2case12 gen2case18
4,11,110.38813185618213,411310.0448857826,0,gen2case12 gen2case18
4,12,87.24350738162495,381655.62312829384,0,gen2case18 gen2case35
4,13,1236.8388269790141,482775.6149112834,0,gen2case18 gen2case35
4,14,15.626511502235067,402322.61549836316,0,gen2case20 gen3case0
4,15,17.51235771399225,400253.3108581037,0,gen2case20 gen3case0
4,16,46.63261114621883,406508.2068289483,0,gen3case9 gen2case32
4,17,46.63261114621883,406508.2068289483,0,gen3case9 gen2case32
4,18,17.51235771399225,400253.3108581037,0,gen2case18 gen3case0
4,19,15.626511502235067,402322.61549836316,0,gen2case18 gen3case0
4,20,18.25507987797019,399714.497981934,0,gen2case38 gen2case18
4,21,15.670067400543038,401962.14218267944,0,gen2case38 gen2case18
4,22,390.25154978511233,433124.9234475054,0,gen3case33 gen1case58
4,23,544.9299776237954,440756.71245357493,0,gen3case33 gen1case58
4,24,15.626511502235067,402322.61549836316,0,gen3case28 gen2case20
4,25,52.5294489441288,405010.71151241416,0,gen3case28 gen2case20
4,26,15.626511502235067,402322.61549836316,0,gen3case12 gen3case15
4,27,17.51235771399225,400253.3108581037,0,gen3case12 gen3case15
4,28,65.65330675589178,406312.0708941422,0,gen3case37 gen3case30
4,29,47.763529300923366,399571.1644086911,0,gen3case37 gen3case30
4,30,17.714708288688033,402437.16282478493,0,gen3case12 gen1case101
4,31,207.1048169819684,408973.1022225733,0,gen3case12 gen1case101
4,32,122.45090875760744,411351.3190739308,0,gen1case50 gen2case32
4,33,17.51235771399225,400253.3108581037,0,gen1case50 gen2case32
4,34,65.1622593851096,398093.2935392245,0,gen3case3 gen2case18
4,35,15.626511502235067,402322.61549836316,0,gen3case3 gen2case18
4,36,52.24648991170842,398245.65362108423,0,gen2case28 gen3case13
4,37,17.51235771399225,400253.3108581037,0,gen2case28 gen3case13
4,38,17.51235771399225,400253.3108581037,0,gen1case50 gen3case15
4,39,17.51235771399225,400253.3108581037,0,gen1case50 gen3case15
5,0,17.51235771399225,400253.3108581037,0,gen4case27 gen4case33
5,1,17.51235771399225,400253.3108581037,0,gen4case27 gen4case33
5,2,37.353598050717686,399005.1650461529,0,gen3case11 gen4case27
5,3,17.51235771399225,400253.3108581037,0,gen3case11 gen4case27
5,4,18.25507987797019,399714.497981934,0,gen2case13 gen4case24
5,5,17.819194738588067,403391.15914797265,0,gen2case13 gen4case24
5,6,112.18996941630576,409549.11203958915,0,gen4case3 gen3case25
5,7,100.74162602786559,391858.2969790414,0,gen4case3 gen3case25
5,8,603.0033503205002,445047.382140977,0,gen3case0 gen1case167
5,9,67.71372462072756,404870.0630861468,0,gen3case0 gen1case167
5,10,15.626511502235067,402322.61549836316,0,gen2case18 gen3case14
5,11,15.626511502235067,402322.61549836316,0,gen2case18 gen3case14
5,12,24.37059305061402,403113.1287664127,0,gen4case14 gen4case1
5,13,18.25507987797019,399714.497981934,0,gen4case14 gen4case1
5,14,15.626511502235067,402322.61549836316,0,gen4case24 gen3case12
5,15,15.626511502235067,402322.61549836316,0,gen4case24 gen3case12
5,16,15.626511502235067,402322.61549836316,0,gen4case24 gen3case14
5,17,15.626511502235067,402322.61549836316,0,gen4case24 gen3case14
5,18,17.51235771399225,400253.3108581037,0,gen4case15 gen4case37
5,19,17.51235771399225,400253.3108581037,0,gen4case15 gen4case37
5,20,57.80653956501568,406461.4325033288,0,gen3case36 gen1case147
5,21,383.16351889059575,427976.07400585525,0,gen3case36 gen1case147
5,22,18.25507987797019,399714.497981934,0,gen3case37 gen3case12
5,23,17.819194738588067,403391.15914797265,0,gen3case37 gen3case12
5,24,17.51235771399225,400253.3108581037,0,gen3case37 gen4case8
5,25,15.626511502235067,402322.61549836316,0,gen3case37 gen4case8
5,26,15.626511502235067,402322.61549836316,0,gen3case14 gen4case8
5,27,15.626511502235067,402322.61549836316,0,gen3case14 gen4case8
5,28,766.8919910771862,330871.1969133621,0,gen1case107 gen1case186
5,29,1342.8906622171899,479648.80968829436,0,gen1case107 gen1case186
5,30,223.3913597778395,419641.32597740594,0,gen4case4 gen1case80
5,31,271.3455925890819,421953.0054066219,0,gen4case4 gen1case80
5,32,17.51235771399225,400253.3108581037,0,gen3case0 gen4case15
5,33,17.51235771399225,400253.3108581037,0,gen3case0 gen4case15
5,34,18.25507987797019,399714.497981934,0,gen2case13 gen4case8
5,35,17.819194738588067,403391.15914797265,0,gen2case13 gen4case8
5,36,15.626511502235067,402322.61549836316,0,gen4case15 gen4case14
5,37,146.8698454959788,409784.7165743936,0,gen4case15 gen4case14
5,38,56.64061241490482,405674.77648446657,0,gen3case3 gen4case0
5,39,63.06414081922644,397105.43311269424,0,gen3case3 gen4case0
6,0,1079.276260420168,480860.9515107891,79349.80820028932,gen1case165 gen2case32
6,1,999999999.99,0,0,gen1case165 gen2case32
6,2,15608.079221816988,1323006.8059615174,921495.6626510175,gen1case73 gen1case110
6,3,15608.000546002664,1501281.0388531499,1099769.89554265,gen1case73 gen1case110
6,4,15608.08253625894,1362134.7832894544,960623.6399789546,gen1case110 gen1case9
6,5,15608.008896413648,1441063.922169321,1039552.7788588211,gen1case110 gen1case9
6,6,15608.000546002664,1588918.5742814678,1187407.430970968,gen1case16 gen1case141
6,7,15608.000398220496,1550434.0479336865,1148922.9046231867,gen1case16 gen1case141
6,8,15608.00348915744,1391860.1182756405,990348.9749651407,gen1case5 gen1case164
6,9,15608.17360547671,1208318.4541305606,806807.3108200608,gen1case5 gen1case164
6,10,15608.000546002664,1540093.8653688394,1138582.7220583395,gen1case192 gen0case1
6,11,15608.000546002664,1421337.2816892017,1019826.1383787019,gen1case192 gen0case1
6,12,15608.096376592095,1384910.0246656558,983398.881355156,gen1case141 gen1case140
6,13,15608.00157804266,1601484.7534206766,1199973.6101101767,gen1case141 gen1case140
6,14,15608.000922107545,1527621.4966920975,1126110.3533815977,gen1case62 gen1case19
6,15,15608.000766269473,1226452.8121399004,824941.6688294006,gen1case62 gen1case19
6,16,15608.000916286137,1492253.9137256404,1090742.7704151405,gen1case134 gen1case149
6,17,15608.000546002664,1385532.8207962054,984021.6774857056,gen1case134 gen1case149
6,18,15608.004115414002,1552950.8450962289,1151439.701785729,gen1case179 gen1case16
6,19,15608.000822080485,1581471.563005253,1179960.4196947531,gen1case179 gen1case16
6,20,15608.008596744874,1564923.0725635618,1163411.929253062,gen1case42 gen1case53
6,21,15608.053990450035,1430431.522455537,1028920.3791450372,gen1case42 gen1case53
6,22,15608.000779462734,1544762.7954332244,1143251.6521227246,gen1case192 gen1case53
6,23,15608.047905199332,1375546.8214108765,974035.6781003766,gen1case192 gen1case53
6,24,15608.000546002664,1601778.6673064756,1200267.5239959757,gen1case141 gen1case161
6,25,15608.000546002664,1515486.2760610776,1113975.1327505778,gen1case141 gen1case161
6,26,15608.293030650528,1313208.170204512,911697.0268940122,gen1case3 gen0case4
6,27,15608.009935815351,1616610.7105830775,1215099.5672725777,gen1case3 gen0case4
6,28,15608.000546002664,1591206.3534969785,1189695.2101864787,gen2case1 gen1case62
6,29,1106.901928138716,413351.90012516594,11840.75681466615,gen2case1 gen1case62
6,30,1039.890373024883,454944.6268887396,53433.4835782398,gen1case171 gen3case32
6,31,999999999.99,0,0,gen1case171 gen3case32
6,32,15608.000784572392,1580411.3634438587,1178900.2201333588,gen1case77 gen1case179
6,33,15608.028321932814,1539891.42836886,1138380.28505836,gen1case77 gen1case179
6,34,15608.000546002664,1478216.3047388666,1076705.1614283668,gen0case1 gen0case3
6,35,15608.000546002664,1514643.78131385,1113132.6380033502,gen0case1 gen0case3
6,36,15608.116300254944,1364209.3802891772,962698.2369786773,gen1case170 gen0case4
6,37,15607.999323185159,1449442.295447289,1047931.1521367892,gen1case170 gen0case4
6,38,15608.095548874113,1428255.9263681695,1026744.7830576696,gen2case1 gen1case100
6,39,1486.100473058052,501276.8308084702,99765.68749797042,gen2case1 gen1case100
7,0,15608.091326514936,1381041.3545367906,979530.2112262908,gen1case149 gen1case134
7,1,15608.000633290669,1471834.241448464,1070323.0981379643,gen1case149 gen1case134
7,2,15607.998577631866,1576439.172895495,1174928.0295849952,gen0case4 gen1case187
7,3,15608.019988089089,1554688.1734200122,1153177.0301095124,gen0case4 gen1case187
7,4,15608.000546002664,1601778.9260909813,1200267.7827804815,gen6case20 gen6case24
7,5,15608.006503272452,1531698.6038217056,1130187.4605112057,gen6case20 gen6case24
7,6,15608.249861316532,1331472.9317442758,929961.788433776,gen1case108 gen1case110
7,7,15608.056171425636,1501730.201943566,1100219.0586330662,gen1case108 gen1case110
7,8,15608.000546002664,1501281.0388531499,1099769.89554265,gen1case170 gen6case3
7,9,15608.029866713014,1322785.790001524,921274.6466910241,gen1case170 gen6case3
7,10,15608.001869576117,1517415.3503494833,1115904.2070389835,gen1case192 gen1case171
7,11,15608.008490814052,1401336.5993988323,999825.4560883325,gen1case192 gen1case171
7,12,15608.055556373762,1343659.9352451595,942148.7919346597,gen1case161 gen6case26
7,13,15608.004806150442,1524079.7860106702,1122568.6427001704,gen1case161 gen6case26
7,14,15608.000546002664,1600179.8582827116,1198668.7149722117,gen6case32 gen1case149
7,15,15608.001476356323,1351816.0024985662,950304.8591880663,gen6case32 gen1case149
7,16,15608.00348915744,1391860.1182756405,990348.9749651407,gen6case8 gen6case38
7,17,15608.095548874113,1428255.9263681695,1026744.7830576696,gen6case8 gen6case38
7,18,999999999.99,0,0,gen3case27 gen6case26
7,19,1679.3382768152394,512688.13086479885,111176.98755429906,gen3case27 gen6case26
7,20,15608.023308932427,1421254.450715739,1019743.3074052392,gen1case188 gen6case4
7,21,15608.29779293792,1350136.8456264741,948625.7023159743,gen1case188 gen6case4
7,22,15608.03545674029,1411689.9404017015,1010178.7970912016,gen1case55 gen1case179
7,23,15608.000301725444,1572417.311082001,1170906.1677715012,gen1case55 gen1case179
7,24,15608.029640109167,1376027.7908959133,974516.6475854134,gen6case25 gen6case14
7,25,15608.000546002664,1571830.6464416932,1170319.5031311933,gen6case25 gen6case14
7,26,15608.000920275408,1535015.4645039293,1133504.3211934294,gen1case84 gen1case19
7,27,15608.12899329416,1395778.8976432479,994267.754332748,gen1case84 gen1case19
7,28,15608.000546002664,1461358.8107841138,1059847.667473614,gen1case152 gen1case155
7,29,15608.006995019865,1366827.0153770356,965315.8720665358,gen1case152 gen1case155
7,30,999999999.99,0,0,gen2case23 gen1case73
7,31,1021.4406270003012,458849.2209108043,57338.0776003045,gen2case23 gen1case73
7,32,15608.000718662006,1550115.4574994768,1148604.314188977,gen6case6 gen6case19
7,33,15608.000546002664,1545759.0286406765,1144247.8853301767,gen6case6 gen6case19
7,34,15608.049332821507,1401210.4342424963,999699.2909319964,gen6case6 gen1case181
7,35,15607.996028117952,1522375.8208116044,1120864.6775011045,gen6case6 gen1case181
7,36,15608.053990450035,1430431.522455537,1028920.3791450372,gen6case21 gen1case155
7,37,15608.000683976483,1466523.8059312808,1065012.662620781,gen6case21 gen1case155
7,38,15608.069259219104,1461334.7051576022,1059823.5618471024,gen6case7 gen1case114
7,39,15608.000449708426,1564913.6344552366,1163402.4911447368,gen6case7 gen1case114
8,0,15608.025939158315,1476366.6947175213,1074855.5514070215,gen0case2 gen0case5
8,1,15608.000546002664,1500284.2045897886,1098773.0612792887,gen0case2 gen0case5
8,2,15608.017458142822,1387673.3367526343,986162.1934421344,gen1case110 gen1case5
8,3,15608.015790718198,1327483.9430379448,925972.799727445,gen1case110 gen1case5
8,4,15608.000546002664,1590538.515324074,1189027.3720135742,gen1case171 gen1case141
8,5,15608.021709093728,1448345.5906146541,1046834.4473041543,gen1case171 gen1case141
8,6,15608.194336674256,1417799.803608452,1016288.6602979521,gen6case4 gen1case19
8,7,15608.000637413574,1422651.8866193013,1021140.7433088014,gen6case4 gen1case19
8,8,15608.000912847303,1593670.7831921526,1192159.6398816528,gen0case4 gen7case38
8,9,15608.21143155447,1333942.28219406,932431.1388835602,gen0case4 gen7case38
8,10,15608.000546002664,1568189.9479465478,1166678.804636048,gen1case29 gen6case10
8,11,15608.01660921812,1441875.764927722,1040364.6216172222,gen1case29 gen6case10
8,12,15608.000546002664,1601775.145307536,1200264.0019970362,gen6case18 gen6case13
8,13,15608.033988796324,1488859.8459093743,1087348.7025988745,gen6case18 gen6case13
8,14,15608.155598503614,1350516.882968339,949005.7396578391,gen1case181 gen7case36
8,15,15608.053990450035,1430431.522455537,1028920.3791450372,gen1case181 gen7case36
8,16,15608.000546002664,1484840.489693209,1083329.3463827092,gen7case14 gen1case197
8,17,15608.000546002664,1597901.6661465196,1196390.5228360198,gen7case14 gen1case197
8,18,15608.002784434666,1560334.0756679664,1158822.9323574665,gen6case13 gen6case38
8,19,15608.000546002664,1518590.7096156443,1117079.5663051445,gen6case13 gen6case38
8,20,15608.000546002664,1527320.8751321072,1125809.7318216073,gen0case2 gen0case3
8,21,15608.02174824993,1504489.7019202043,1102978.5586097045,gen0case2 gen0case3
8,22,15608.00495162412,1417596.611713408,1016085.4684029082,gen7case39 gen1case140
8,23,15608.000862982533,1561913.6302345954,1160402.4869240955,gen7case39 gen1case140
8,24,15608.000546002664,1531288.872985525,1129777.7296750252,gen6case22 gen1case55
8,25,15608.006721619886,1487032.451510346,1085521.3081998462,gen6case22 gen1case55
8,26,15608.000684413128,1476580.5390619126,1075069.3957514127,gen6case4 gen6case17
8,27,15608.162420813342,1272355.619635957,870844.4763254572,gen6case4 gen6case17
8,28,15608.11980912765,1304134.8461729488,902623.702862449,gen1case53 gen1case64
8,29,15608.000710767721,1395707.5717594095,994196.4284489097,gen1case53 gen1case64
8,30,15608.011515086353,1406028.7545635444,1004517.6112530446,gen1case141 gen1case155
8,31,15608.000546002664,1610174.464606864,1208663.321296364,gen1case141 gen1case155
8,32,15608.011515086353,1406028.7545635444,1004517.6112530446,gen1case141 gen7case16
8,33,15608.001774709288,1630338.6271139842,1228827.4838034844,gen1case141 gen7case16
8,34,15608.001613814755,1455160.8808969695,1053649.7375864696,gen7case6 gen1case170
8,35,15608.264067361903,1326003.8037580976,924492.6604475977,gen7case6 gen1case170
8,36,15608.339707891419,1419125.9759417889,1017614.832631289,gen6case23 gen7case8
8,37,15608.0054697311,1435772.8892791427,1034261.7459686429,gen6case23 gen7case8
8,38,15608.124269779517,1396068.7394216903,994557.5961111905,gen0case3 gen7case16
8,39,15608.003797931276,1484824.9491811593,1083313.8058706594,gen0case3 gen7case16
9,0,627.8304897883893,430609.53514537826,29098.39183487848,gen1case84 gen1case101
9,1,999999999.99,0,0,gen1case84 gen1case101
9,2,15608.124269779517,1396068.7394216903,994557.5961111905,gen0case3 gen7case3
9,3,15608.000546002664,1587039.196267079,1185528.0529565793,gen0case3 gen7case3
9,4,15608.000546002664,1570036.9055759422,1168525.7622654424,gen8case26 gen6case24
9,5,15608.012211676381,1488779.80270553,1087268.6593950302,gen8case26 gen6case24
9,6,15608.002148391117,1534705.494634887,1133194.3513243871,gen1case19 gen7case36
9,7,15608.000546002664,1389318.8032514194,987807.6599409196,gen1case19 gen7case36
9,8,15608.001774709288,1630338.6271139842,1228827.4838034844,gen1case5 gen8case12
9,9,15608.002189121575,1429452.4776559307,1027941.3343454308,gen1case5 gen8case12
9,10,15608.001570055118,1597324.3275558623,1195813.1842453624,gen6case37 gen6case35
9,11,15608.059480425316,1382046.45948246,980535.3161719602,gen6case37 gen6case35
9,12,15608.054347391959,1412802.8783933765,1011291.7350828766,gen1case55 gen8case37
9,13,15608.000546002664,1514422.09676522,1112910.95345472,gen1case55 gen8case37
9,14,15608.03704414325,1369507.9657698374,967996.8224593375,gen1case55 gen8case15
9,15,15608.000546002664,1572106.5814905919,1170595.438180092,gen1case55 gen8case15
9,16,15608.028321932814,1539891.42836886,1138380.28505836,gen6case33 gen8case33
9,17,15608.001774709288,1630338.6271139842,1228827.4838034844,gen6case33 gen8case33
9,18,15608.051304692886,1446735.340990532,1045224.1976800321,gen1case42 gen7case38
9,19,15608.011564898039,1553227.9918183116,1151716.8485078118,gen1case42 gen7case38
9,20,15608.000398220496,1550434.0479336865,1148922.9046231867,gen6case7 gen8case28
9,21,15608.49844623281,1309877.1224427107,908365.9791322108,gen6case7 gen8case28
9,22,15608.013229782771,1395526.356486209,994015.2131757091,gen8case29 gen8case37
9,23,15608.000589686706,1445866.514260793,1044355.3709502933,gen8case29 gen8case37
9,24,15608.001153679916,1472047.1096969796,1070535.9663864798,gen1case165 gen1case19
9,25,15608.000971640664,1465984.751079971,1064473.6077694711,gen1case165 gen1case19
9,26,15608.011518264488,1464756.3698730925,1063245.2265625927,gen8case18 gen7case34
9,27,15608.000546002664,1576372.7047557693,1174861.5614452695,gen8case18 gen7case34
9,28,15608.096469651544,1378649.3814371158,977138.238126616,gen1case188 gen6case3
9,29,15608.000546002664,1585307.13804894,1183795.9947384403,gen1case188 gen6case3
9,30,15608.121129530995,1424961.6475804115,1023450.5042699117,gen8case23 gen8case32
9,31,15608.001097797109,1566941.7556095605,1165430.6122990607,gen8case23 gen8case32
9,32,15608.007160766756,1425980.714461991,1024469.5711514913,gen1case77 gen7case12
9,33,15608.000546002664,1461750.6485028912,1060239.5051923913,gen1case77 gen7case12
9,34,15608.000546002664,1551886.40588675,1150375.2625762501,gen7case23 gen7case33
9,35,15608.000350795244,1576250.4675329255,1174739.3242224257,gen7case23 gen7case33
9,36,15608.012129748615,1313753.8666295493,912242.7233190495,gen8case15 gen7case37
9,37,15608.03644927004,1596627.5296584603,1195116.3863479604,gen8case15 gen7case37
9,38,15608.002502928004,1569852.4590992827,1168341.315788783,gen1case182 gen7case23
9,39,15608.005847309329,1448271.7694957252,1046760.6261852253,gen1case182 gen7case23
